SG-1,junovaloper196ax4vc0lwpxndu9dyhvca7jhxp70rmcqcnylw
Cosmostation,junovaloper1t8ehvswxjfn3ejzkjtntcyrqwvmvuknzmvtaaa
OmniFlix Network,junovaloper1afhtjur8js4589xymu346ca7a5y5293x7p64ca
PUPM√òS,junovaloper1ka8v934kgrw6679fs9cuu0kesyl0ljjy2kdtrl
stakefish,junovaloper1sjllsnramtg3ewxqwwrwjxfgc4n4ef9uxyejze
Sentinel dVPN,junovaloper13v4spsah85ps4vtrw07vzea37gq5la5gktlkeu
0base.vc,junovaloper1n3mhyp9fvcmuu8l0q8qvjy07x0rql8q4kjctkq
Swiss Staking,junovaloper1y0us8xvsvfvqkk9c6nt5cfyu5au5tww2wsdcwk
Citadel.one,junovaloper1lzhlnpahvznwfv4jmay2tgaha5kmz5qx4cuznf
kingnodes,junovaloper10wxn2lv29yqnw2uf4jf439kwy5ef00qdelfp7r
Imperator.co,junovaloper17n3w6v5q3n0tws4xv8upd9ul4qqes0nlg7q0xd
Cephalopod Equipment Corp,junovaloper1x20lytyf6zkcrv5edpkfkn8sz578qg5sujlhnj
Provalidator,junovaloper1jc9fr7s5kal8878trt86ne0k353r4yd6a60zak
Disperze,junovaloper194v8uwee2fvs2s8fa5k7j03ktwc87h5ym39jfv
Stakecito,junovaloper1yy3tnegzmkdcm7czzcy3flw5z0zyr9vkkxrfse
Chorus One,junovaloper15urq2dtp9qce4fyc85m6upwm9xul304945tllg
SmartNodes,junovaloper1q3jsx9dpfhtyqqgetwpe5tmk8f0ms5qywje8tw
Lavender.Five Nodes üêù,junovaloper1wd02ktcvpananlvd9u6jm3x3ap3vmw59jv9vez
Figment,junovaloper1hjct6q7npsspsg3dgvzk3sdf89spmlpfpgm64m
UniverseDAO,junovaloper1rdtztev7z7udxnq4nl74l9976ww6u7tkpnadvs
BlueStake üöÄ | 100% insurance,junovaloper1z3svprqzmquw6mckh6rgyt0dmd4yhv7c6l58qc
Kleomedes,junovaloper1x8u2ypdr35802tjyjqyxan8x85fzxe6sk0qmh8
notional,junovaloper1083svrca4t350mphfv9x45wq9asrs60cpqzg0y
dimi ü¶ô,junovaloper1s33zct2zhhaf60x4a90cpe9yquw99jj0ay9g6j
Frens (ü§ù,ü§ù),junovaloper1ej2es5fjztqjcd4pwa0zyvaevtjd2y5w2aqycm
Chandra Station,junovaloper106y6thy7gphzrsqq443hl69vfdvntgz260uxlc
·¥Ö·¥á·¥úÍú±  ü·¥Ä ôÍú±,junovaloper17skjxhtt54prnpxcs7a5rv9znlldpe5k3x99gp
BouBouNode,junovaloper1eh5mwu044gd5ntkkc2xgfg8247mgc56fww3vc8
KalpaTech,junovaloper1ehkfl7palwrh6w2hhr2yfrgrq8jetgucskr2e0
